Order_ID,Customer_ID,Product_ID,Category,Region,Payment_Method,Order_Date,Delivery_Date,Delivery_Days,Unit_Price,Quantity,Discount_Pct,Shipping_Cost,Gross_Amount,Discount_Amount,Net_Amount,Customer_Age,Customer_Rating,Returned,Is_Member
100001,1029,101,Grocery,South,Credit Card,2026-03-13,2026-03-15,2,9999.99,9,2.61,138.14,30596.94,798.58,29936.5,19,1.4,No,No
100002,1144,107,Sports,West,Credit Card,2026-08-18,2026-08-23,5,4056.68,20,22.76,64.7,4056.68,923.3,3198.08,45,2.4,No,No
100003,1087,104,Electronics,West,UPI,2026-07-03,2026-07-09,6,,1,21.89,170.14,3038.44,665.11,2543.47,42,1.3,No,No
100004,1093,119,Clothing,North,UPI,2026-04-27,2026-05-02,5,4926.85,4,25.99,126.44,19707.4,5121.95,14711.89,47,,No,Yes
100005,1054,122,Grocery,North,Net Banking,2026-03-29,2026-04-02,4,858.84,7,8.1,,6011.88,486.96,5804.03,62,3.2,No,No
100006,1015,108,Electronics,East,Cash,2026-05-18,2026-05-20,2,1094.37,10,26.29,108.11,10943.7,2877.1,8174.71,59,3.0,No,No
100007,1037,109,Clothing,South,Net Banking,2026-05-15,2026-05-22,7,4494.22,7,10.86,299.25,31459.54,3416.51,28342.28,26,3.0,No,Yes
100008,1029,105,Clothing,West,Net Banking,2026-02-02,2026-02-09,7,1939.02,8,15.87,291.9,15512.16,2461.78,13342.28,18,3.7,No,No
100009,1069,125,Grocery,North,Debit Card,2026-08-11,2026-08-14,3,2295.93,5,29.16,233.35,11479.65,3347.47,8365.53,50,4.7,No,Yes
100010,1130,120,Clothing,South,Debit Card,2026-03-24,2026-03-25,1,3014.78,8,0.58,280.15,24118.24,139.89,24258.5,37,2.0,No,No
100011,1021,103,Home,North,Net Banking,2026-03-06,2026-03-09,3,3315.77,9,4.95,167.75,29841.93,1477.18,28532.5,56,2.7,No,Yes
100012,1052,123,Grocery,West,Debit Card,2026-08-13,2026-08-21,8,648.97,4,1.92,25.89,2595.88,49.84,2571.93,53,1.9,No,Yes
100013,1016,108,Electronics,North,Debit Card,2026-02-06,2026-02-10,4,1428.46,8,6.43,57.05,11427.68,734.8,10749.93,54,3.3,No,Yes
100014,1105,107,Electronics,North,Cash,2026-07-01,2026-07-08,7,2084.96,1,20.2,295.57,2084.96,421.16,1959.37,24,1.2,No,No
100015,1028,108,Clothing,South,Net Banking,2026-08-18,2026-08-21,3,2138.31,5,13.88,264.86,10691.55,1483.99,9472.42,22,2.8,No,No
100016,1013,121,Sports,North,UPI,2026-05-02,2026-05-05,3,2061.75,8,6.41,132.29,16494.0,1057.27,15569.02,21,1.7,Yes,Yes
100017,1117,110,Home,West,Credit Card,2026-04-08,2026-04-13,5,1127.62,1,17.38,171.81,1127.62,195.98,1103.45,65,2.3,Yes,Yes
100018,1136,106,Electronics,North,Credit Card,2026-02-05,2026-02-07,2,3392.3,4,12.11,283.65,13569.2,1643.23,12209.62,54,2.0,No,No
100019,1108,122,Sports,East,Debit Card,2026-04-15,2026-04-21,6,1231.5,7,3.93,200.74,8620.5,338.79,8482.45,47,2.3,No,Yes
100020,1118,120,Sports,North,UPI,2026-04-20,2026-04-25,5,705.66,6,26.43,266.2,4233.96,1119.04,3381.12,41,2.1,No,Yes
100021,1078,120,Sports,North,Net Banking,2026-06-03,2026-06-05,2,4697.7,3,7.93,269.12,14093.1,1117.58,13244.64,65,3.2,No,No
100022,1088,107,Grocery,West,Debit Card,2026-01-27,2026-01-29,2,3189.71,5,1.32,113.4,15948.55,210.52,15851.43,26,3.5,No,No
100023,1142,123,Home,North,UPI,2026-02-08,2026-02-11,3,2750.67,6,17.48,61.47,16504.02,2884.9,13680.59,26,1.2,No,No
100024,1011,129,Grocery,South,Credit Card,2026-02-22,2026-02-28,6,3911.58,7,29.22,229.85,27381.06,8000.75,19610.16,33,4.5,No,No
100025,1106,101,Clothing,East,Cash,2026-05-08,2026-05-13,5,838.03,2,11.48,30.84,1676.06,192.41,1514.49,48,1.9,No,Yes
100026,1079,127,Clothing,South,UPI,2026-04-09,2026-04-16,7,1674.9,2,29.01,98.15,3349.8,971.78,2476.17,59,3.0,No,No
100027,1085,101,Electronics,East,Credit Card,2026-05-16,2026-05-17,1,586.59,7,10.37,240.2,4106.13,425.81,3920.52,45,3.4,No,Yes
100028,1148,107,Grocery,North,Cash,2026-01-01,2026-01-05,4,1852.9,2,28.47,277.82,3705.8,1055.04,2928.58,57,2.3,No,No
100029,1077,117,Grocery,West,Debit Card,2026-07-26,2026-07-31,5,2794.34,4,12.61,283.3,11177.36,1409.47,10051.19,61,4.0,No,No
100030,1104,118,Electronics,East,Debit Card,2026-04-18,2026-04-25,7,3939.51,10,19.64,150.2,39395.1,7737.2,31808.1,46,3.7,No,No
100031,1044,122,Electronics,East,Net Banking,2026-06-21,2026-06-23,2,4101.2,4,20.18,82.9,16404.8,3310.49,13177.21,30,1.6,Yes,No
100032,1019,115,Home,South,Cash,2026-09-11,2026-09-18,7,1257.72,1,26.78,260.92,1257.72,336.82,1181.82,24,4.1,No,No
100033,1133,115,Electronics,South,UPI,2026-08-22,2026-08-25,3,4017.01,9,29.64,186.73,36153.09,10715.78,25624.04,46,3.5,No,Yes
100034,1141,115,Clothing,West,Cash,2026-05-13,2026-05-17,4,4207.32,5,22.97,165.96,21036.6,4832.11,16370.45,58,2.0,No,No
100035,1061,109,Grocery,East,Net Banking,2026-02-11,2026-02-14,3,796.61,7,20.82,217.8,5576.27,1160.98,4633.09,22,2.7,No,Yes
100036,1016,107,Home,West,Net Banking,2026-01-11,2026-01-18,7,2411.05,6,8.96,129.2,14466.3,1296.18,13299.32,44,3.2,No,No
100037,1057,116,Clothing,East,Cash,2026-09-06,2026-09-07,1,1974.84,7,21.73,255.34,13823.88,3003.93,11075.29,26,4.9,No,No
100038,1145,122,Electronics,North,Cash,2026-03-11,2026-03-19,8,949.56,5,11.37,79.26,4747.8,539.82,4287.24,38,2.4,No,Yes
100039,1108,109,Electronics,West,UPI,2026-01-27,2026-02-02,6,1159.9,2,23.44,202.49,2319.8,543.76,1978.53,19,4.8,No,Yes
100040,1040,108,Clothing,West,UPI,2026-04-22,2026-04-30,8,3512.35,6,5.03,190.03,21074.1,1060.03,20204.1,65,3.9,No,Yes
100041,1080,104,Sports,North,Debit Card,2026-07-12,2026-07-19,7,4710.28,4,2.28,213.37,18841.12,429.58,18624.91,58,2.0,No,Yes
100042,1031,126,Sports,North,Debit Card,2026-09-30,2026-10-07,7,3324.53,2,15.18,115.54,6649.06,1009.33,5755.27,44,4.3,No,No
100043,1118,123,Clothing,West,Credit Card,2026-09-25,2026-09-30,5,3098.77,9,23.24,150.16,27888.93,6481.39,21557.7,64,3.4,No,Yes
100044,1023,109,Home,South,Cash,2026-07-14,2026-07-20,6,192.06,6,5.46,79.39,1152.36,62.92,1168.83,34,2.4,No,No
100045,1071,118,Electronics,South,UPI,2026-05-04,2026-05-11,7,2468.46,4,20.72,200.85,9873.84,2045.86,8028.83,49,2.8,Yes,Yes
100046,1104,123,Clothing,East,Net Banking,2026-07-08,2026-07-16,8,2789.69,6,12.77,228.86,16738.14,2137.46,14829.54,39,2.4,No,Yes
100047,1060,104,Clothing,East,UPI,2026-04-05,2026-04-09,4,1121.1,8,8.29,185.08,8968.8,743.51,8410.37,51,3.4,No,No
100048,1076,108,Grocery,South,Debit Card,2026-01-08,2026-01-11,3,1407.84,1,16.6,215.28,1407.84,233.7,1389.42,26,3.6,No,Yes
100049,1004,119,Grocery,West,Cash,2026-08-14,2026-08-20,6,962.6,1,7.57,261.28,962.6,72.87,1151.01,25,4.3,No,Yes
100050,1014,105,Clothing,East,UPI,2026-05-08,2026-05-10,2,2812.46,7,18.19,241.41,19687.22,3581.11,16347.52,32,4.1,No,No
100051,1077,128,Sports,West,Debit Card,2026-01-31,2026-02-02,2,4740.57,4,18.77,94.1,18962.28,3559.22,15497.16,23,1.6,No,Yes
100052,1001,114,Home,West,Debit Card,2026-01-17,2026-01-21,4,1476.12,5,21.09,147.13,7380.6,1556.57,5971.16,61,1.9,No,No
100053,1051,114,Electronics,South,Credit Card,2026-05-17,2026-05-20,3,403.48,3,23.78,186.61,1210.44,287.84,1109.21,54,4.7,No,Yes
100054,1078,123,Home,East,Net Banking,2026-09-10,2026-09-18,8,448.19,1,26.68,225.67,448.19,119.58,554.28,56,2.0,No,No
100055,1148,119,Electronics,East,Net Banking,2026-01-21,2026-01-24,3,2378.98,8,27.48,70.82,19031.84,5229.95,13872.71,55,2.7,No,No
100056,1121,112,Home,East,Debit Card,2026-02-23,2026-02-26,3,1682.53,8,8.65,284.65,13460.24,1164.31,12580.58,53,1.1,No,Yes
100057,1030,125,Home,North,Net Banking,2026-08-25,2026-09-01,7,318.31,9,10.85,231.8,2864.79,310.83,2785.76,58,2.8,Yes,Yes
100058,1034,130,Grocery,West,Cash,2026-03-04,2026-03-05,1,4867.08,10,23.98,218.74,48670.8,11671.26,37218.28,37,3.2,No,Yes
100059,1030,115,Electronics,South,Cash,2026-05-30,2026-06-04,5,2106.68,8,29.41,88.24,16853.44,4956.6,11985.08,53,1.6,No,No
100060,1035,128,Electronics,East,Cash,2026-06-24,2026-06-29,5,4111.72,5,21.78,254.49,20558.6,4477.66,16335.43,55,5.0,No,Yes
100061,1138,116,Grocery,East,Net Banking,2026-07-13,2026-07-21,8,4667.62,4,29.42,86.87,18670.48,5492.86,13264.49,42,1.9,No,Yes
100062,1122,123,Home,West,Credit Card,2026-09-11,2026-09-12,1,674.92,10,9.96,48.1,6749.2,672.22,6125.08,46,1.4,No,Yes
100063,1037,114,Clothing,North,Cash,2026-05-16,2026-05-22,6,3135.13,7,19.5,258.49,21945.91,4279.45,17924.95,61,4.4,No,Yes
100064,1125,128,Sports,North,Net Banking,2026-02-05,2026-02-09,4,3174.25,5,29.92,229.09,15871.25,4748.68,11351.66,45,4.9,No,No
100065,1026,115,Clothing,East,UPI,2026-01-24,2026-01-30,6,3990.91,5,10.75,140.59,19954.55,2145.11,17950.03,33,3.1,No,No
100066,1044,106,Electronics,West,Net Banking,2026-05-04,2026-05-12,8,4568.5,3,6.97,198.61,13705.5,955.27,12948.84,47,2.0,Yes,No
100067,1074,122,Sports,South,UPI,2026-08-15,2026-08-21,6,4938.88,5,19.17,138.81,24694.4,4733.92,20099.29,34,2.8,No,No
100068,1124,104,Clothing,West,Net Banking,2026-07-03,2026-07-08,5,4963.83,5,0.66,252.41,24819.15,163.81,24907.75,43,2.1,No,No
100069,1013,130,Sports,West,Debit Card,2026-04-28,2026-05-04,6,1134.07,4,18.63,209.77,4536.28,845.11,3900.94,64,4.1,No,Yes
100070,1025,129,Electronics,East,Cash,2026-01-18,2026-01-24,6,3675.18,2,27.29,111.48,7350.36,2005.91,5455.93,44,1.7,No,Yes
100071,1094,117,Sports,East,Credit Card,2026-05-12,2026-05-20,8,4838.55,5,22.4,114.84,24192.75,5419.18,18888.41,25,2.9,Yes,No
100072,1058,128,Home,East,UPI,2026-07-22,2026-07-23,1,1359.07,2,13.64,208.39,2718.14,370.75,2555.78,61,2.0,No,No
100073,1096,104,Clothing,West,UPI,2026-06-17,2026-06-21,4,3255.88,8,27.28,104.61,26047.04,7105.63,19046.02,44,1.5,Yes,Yes
100074,1127,104,Electronics,South,Net Banking,2026-03-11,2026-03-18,7,2295.54,9,12.57,227.84,20659.86,2596.94,18290.76,27,4.5,No,No
100075,1105,109,Electronics,East,Credit Card,2026-08-16,2026-08-24,8,4755.25,6,2.98,211.99,28531.5,850.24,27893.25,52,4.6,No,Yes
100076,1071,107,Electronics,West,UPI,2026-04-19,2026-04-20,1,300.36,6,7.31,55.26,1802.16,131.74,1725.68,54,1.8,No,No
100077,1056,127,Clothing,East,Credit Card,2026-01-02,2026-01-07,5,4299.11,3,29.63,171.26,12897.33,3821.48,9247.11,29,1.4,No,Yes
100078,1092,126,Clothing,East,UPI,2026-03-31,2026-04-05,5,309.38,7,15.78,228.79,2165.66,341.74,2052.71,48,2.8,No,No
100079,1116,117,Clothing,North,Net Banking,2026-06-04,2026-06-12,8,3234.54,1,1.82,154.11,3234.54,58.87,3329.78,43,2.7,No,No
100080,1114,103,Electronics,East,Net Banking,2026-03-17,2026-03-19,2,674.65,10,18.99,173.54,6746.5,1281.16,5638.88,38,2.5,No,Yes
100081,1130,120,Home,North,UPI,2026-04-21,2026-04-28,7,2285.2,4,12.41,251.68,9140.8,1134.37,8258.11,43,2.7,No,Yes
100082,1066,112,Clothing,West,UPI,2026-02-16,2026-02-18,2,511.49,2,22.34,124.34,1022.98,228.53,918.79,26,3.2,No,No
100083,1085,122,Electronics,West,Debit Card,2026-08-05,2026-08-06,1,4843.57,10,9.37,49.01,48435.7,4538.43,43946.28,50,1.9,No,Yes
100084,1028,112,Sports,East,UPI,2026-05-23,2026-05-27,4,4045.75,9,29.24,249.16,36411.75,10646.8,26014.11,57,3.7,No,No
100085,1069,101,Clothing,East,Debit Card,2026-06-23,2026-06-29,6,80.22,3,16.99,132.22,240.66,40.89,331.99,27,4.0,No,Yes
100086,1136,107,Home,West,Cash,2026-06-24,2026-06-27,3,1881.76,6,23.31,178.93,11290.56,2631.83,8837.66,23,4.5,No,No
100087,1013,122,Electronics,East,Cash,2026-08-06,2026-08-14,8,3055.03,7,8.2,231.38,21385.21,1753.59,19863.0,25,2.4,No,No
100088,1125,117,Grocery,North,Credit Card,2026-07-22,2026-07-23,1,88.05,5,28.36,234.86,440.25,124.85,550.26,34,2.2,No,Yes
100089,1111,106,Clothing,West,Net Banking,2026-04-28,2026-05-04,6,406.77,1,13.09,148.73,406.77,53.25,502.25,22,4.4,No,No
100090,1107,110,Electronics,West,UPI,2026-06-16,2026-06-19,3,4016.54,10,13.8,213.09,40165.4,5542.83,34835.66,41,1.4,No,Yes
100091,1103,117,Electronics,West,Debit Card,2026-06-23,2026-06-27,4,1698.69,3,2.29,197.3,5096.07,116.7,5176.67,51,3.0,No,Yes
100092,1038,108,Electronics,South,Debit Card,2026-04-12,2026-04-15,3,3031.87,2,5.31,236.4,6063.74,321.98,5978.16,49,2.9,No,No
100093,1145,121,Sports,East,Debit Card,2026-03-19,2026-03-27,8,388.02,8,18.94,242.97,3104.16,587.93,2759.2,55,1.2,No,Yes
100094,1116,102,Electronics,East,Debit Card,2026-02-09,2026-02-11,2,3094.29,9,11.53,182.49,27848.61,3210.94,24820.16,65,4.6,No,No
100095,1049,111,Sports,West,Net Banking,2026-03-19,2026-03-20,1,2280.09,6,29.47,43.61,13680.54,4031.66,9692.49,59,1.7,No,Yes
100096,1113,117,Sports,South,Debit Card,2026-07-10,2026-07-15,5,1967.71,6,20.37,34.66,11806.26,2404.94,9435.98,58,3.6,Yes,Yes
100097,1099,110,Grocery,South,Debit Card,2026-02-11,2026-02-14,3,4587.89,5,29.03,215.57,22939.45,6659.32,16495.7,43,1.5,No,Yes
100098,1144,113,Grocery,South,Net Banking,2026-02-17,2026-02-24,7,2567.02,1,10.88,70.47,2567.02,279.29,2358.2,31,2.4,No,Yes
100099,1036,105,Electronics,East,UPI,2026-09-17,2026-09-18,1,3326.55,10,3.93,125.48,33265.5,1307.33,32083.65,28,1.7,No,No
100100,1043,124,Home,North,Cash,2026-07-06,2026-07-10,4,4849.46,10,8.55,229.59,48494.6,4146.29,44577.9,46,1.9,No,No
100101,1121,129,Clothing,East,Net Banking,2026-08-14,2026-08-22,8,3858.72,7,15.09,137.23,27011.04,4075.97,23072.3,28,4.3,No,Yes
100102,1065,102,Home,East,Net Banking,2026-02-22,2026-02-24,2,1461.06,3,8.18,273.49,4383.18,358.54,4298.13,27,4.3,No,No
100103,1116,129,Grocery,North,Cash,2026-01-28,2026-02-04,7,2534.94,4,11.58,42.85,10139.76,1174.18,9008.43,32,1.1,No,No
100104,1086,126,Clothing,South,UPI,2026-05-27,2026-06-04,8,3495.56,3,22.77,151.35,10486.68,2387.82,8250.21,57,1.0,Yes,Yes
100105,1039,118,Sports,West,UPI,2026-05-28,2026-06-01,4,1540.7,1,7.15,198.91,1540.7,110.16,1629.45,57,2.8,No,No
100106,1138,101,Sports,South,Credit Card,2026-05-30,2026-06-06,7,57.74,6,7.22,136.64,346.44,25.01,458.07,60,3.7,No,Yes
100107,1135,118,Sports,North,Cash,2026-08-29,2026-08-30,1,3196.57,6,7.61,24.55,19179.42,1459.55,17744.42,22,2.4,No,No
100108,1149,124,Grocery,South,UPI,2026-06-30,2026-07-06,6,4076.87,3,24.91,211.71,12230.61,3046.64,9395.68,62,2.9,No,Yes
100109,1118,102,Grocery,South,UPI,2026-04-13,2026-04-14,1,1612.2,5,15.46,296.95,8061.0,1246.23,7111.72,52,2.9,Yes,No
100110,1074,112,Electronics,East,Debit Card,2026-03-05,2026-03-11,6,2212.91,7,22.3,270.5,15490.37,3454.35,12306.52,42,2.4,No,No
100111,1095,130,Sports,East,UPI,2026-08-06,2026-08-08,2,2181.51,3,16.36,109.94,6544.53,1070.69,5583.78,23,2.3,No,Yes
100112,1110,106,Home,East,Cash,2026-01-22,2026-01-28,6,3093.51,7,8.24,294.41,21654.57,1784.34,20164.64,21,1.3,No,Yes
100113,1041,101,Clothing,West,UPI,2026-03-06,2026-03-08,2,1218.18,6,10.86,285.85,7309.08,793.77,6801.16,20,3.4,No,No
100114,1096,115,Electronics,South,Net Banking,2026-07-07,2026-07-14,7,1606.21,5,7.49,51.77,8031.05,601.53,7481.29,65,1.7,No,No
100115,1031,109,Grocery,West,Credit Card,2026-05-27,2026-06-04,8,1040.88,3,25.58,146.57,3122.64,798.77,2470.44,63,2.8,No,No
100116,1082,122,Grocery,North,Net Banking,2026-05-29,2026-06-03,5,4264.24,3,23.81,162.45,12792.72,3045.95,9909.22,25,4.9,No,Yes
100117,1127,101,Grocery,East,Cash,2026-03-08,2026-03-10,2,375.45,7,29.99,221.28,2628.15,788.18,2061.25,51,2.6,No,No
100118,1033,111,Electronics,West,Cash,2026-09-22,2026-09-28,6,685.26,9,19.19,70.95,6167.34,1183.51,5054.78,26,2.7,No,Yes
100119,1032,117,Clothing,East,Credit Card,2026-03-24,2026-03-30,6,4676.95,4,10.38,283.45,18707.8,1941.87,17049.38,36,4.4,No,No
100120,1142,109,Clothing,East,Net Banking,2026-02-17,2026-02-20,3,2979.45,10,4.63,204.45,29794.5,1379.49,28619.46,64,4.6,No,No
100121,1011,127,Electronics,North,UPI,2026-05-16,2026-05-20,4,3846.45,7,18.54,28.48,26925.15,4991.92,21961.71,58,3.2,No,Yes
100122,1063,126,Home,East,Cash,2026-02-07,2026-02-08,1,832.5,7,14.53,77.13,5827.5,846.74,5057.89,56,1.6,No,Yes
100123,1089,113,Clothing,East,Net Banking,2026-02-24,2026-03-02,6,1246.6,2,8.02,89.42,2493.2,199.95,2382.67,24,1.2,No,No
100124,1108,108,Clothing,East,Net Banking,2026-06-10,2026-06-14,4,3827.45,8,29.88,150.71,30619.6,9149.14,21621.17,37,3.0,No,Yes
100125,1118,108,Clothing,East,UPI,2026-01-26,2026-01-31,5,2499.73,8,8.57,22.29,19997.84,1713.81,18306.32,24,2.7,No,No
100126,1104,112,Electronics,West,UPI,2026-04-10,2026-04-16,6,2788.45,2,11.59,146.1,5576.9,646.36,5076.64,53,2.1,No,No
100127,1031,105,Electronics,West,Debit Card,2026-06-23,2026-06-29,6,3787.08,4,18.07,132.39,15148.32,2737.3,12543.41,20,1.2,No,Yes
100128,1122,117,Home,South,Net Banking,2026-09-21,2026-09-24,3,1673.43,10,9.56,130.03,16734.3,1599.8,15264.53,57,4.0,No,Yes
100129,1131,118,Home,East,Cash,2026-01-09,2026-01-15,6,1689.64,2,29.4,183.44,3379.28,993.51,2569.21,64,4.5,No,No
100130,1068,121,Sports,South,UPI,2026-09-03,2026-09-06,3,2644.95,10,23.24,126.45,26449.5,6146.86,20429.09,61,2.0,No,No
100131,1049,101,Home,East,Cash,2026-03-19,2026-03-26,7,3467.98,7,15.05,191.21,24275.86,3653.52,20813.55,48,4.5,No,Yes
100132,1036,117,Clothing,East,Cash,2026-09-27,2026-10-04,7,1603.08,3,13.79,169.28,4809.24,663.19,4315.33,52,2.4,No,No
100133,1068,120,Home,South,Credit Card,2026-05-23,2026-05-28,5,1163.09,5,23.14,217.37,5815.45,1345.7,4687.12,62,3.8,No,Yes
100134,1071,110,Electronics,West,Cash,2026-06-26,2026-06-29,3,1487.74,5,28.66,42.13,7438.7,2131.93,5348.9,46,3.6,No,Yes
100135,1138,109,Sports,East,Credit Card,2026-02-25,2026-03-01,4,1250.17,9,6.77,85.19,11251.53,761.73,10574.99,24,2.7,No,Yes
100136,1036,101,Sports,South,Cash,2026-09-01,2026-09-09,8,3270.17,5,9.64,200.85,16350.85,1576.22,14975.48,23,3.6,No,No
100137,1010,130,Clothing,West,Credit Card,2026-01-19,2026-01-26,7,3950.41,3,28.1,289.4,11851.23,3330.2,8810.43,36,4.5,Yes,No
100138,1028,130,Grocery,East,Cash,2026-09-26,2026-10-04,8,4451.84,3,25.53,151.05,13355.52,3409.66,10096.91,30,4.2,No,No
100139,1066,123,Clothing,North,Debit Card,2026-06-01,2026-06-05,4,918.7,7,24.81,164.28,6430.9,1595.51,4999.67,23,2.6,No,No
100140,1123,111,Clothing,North,Debit Card,2026-07-16,2026-07-20,4,2261.34,5,28.62,104.54,11306.7,3235.98,8175.26,64,3.3,No,Yes
100141,1061,102,Electronics,West,Debit Card,2026-03-23,2026-03-30,7,3446.06,5,20.71,198.84,17230.3,3568.4,13860.74,36,2.5,No,No
100142,1123,105,Home,East,Cash,2026-08-30,2026-09-03,4,3821.21,10,26.19,42.92,38212.1,10007.75,28247.27,46,3.1,No,No
100143,1029,102,Sports,South,Net Banking,2026-03-18,2026-03-21,3,1674.18,9,13.26,210.48,15067.62,1997.97,13280.13,63,3.3,No,Yes
100144,1015,115,Clothing,West,Cash,2026-01-30,2026-02-07,8,3380.2,5,21.7,130.87,16901.0,3667.52,13364.35,18,4.0,No,Yes
100145,1089,123,Electronics,North,UPI,2026-08-30,2026-08-31,1,1471.1,3,23.07,234.43,4413.3,1018.15,3629.58,64,3.6,No,No
100146,1098,115,Home,West,UPI,2026-03-10,2026-03-16,6,637.23,9,11.79,55.66,5735.07,676.16,5114.57,32,4.3,No,No
100147,1119,122,Sports,West,Net Banking,2026-07-14,2026-07-18,4,1275.18,6,4.65,72.77,7651.08,355.78,7368.07,64,4.1,Yes,No
100148,1005,108,Clothing,North,UPI,2026-01-18,2026-01-26,8,3009.04,1,7.34,32.39,3009.04,220.86,2820.57,46,1.9,No,No
100149,1015,105,Sports,East,Credit Card,2026-06-13,2026-06-19,6,1222.67,3,29.57,165.95,3668.01,1084.63,2749.33,44,2.2,Yes,No
100150,1045,121,Home,West,UPI,2026-06-26,2026-07-03,7,3939.73,6,20.89,134.31,23638.38,4938.06,18834.63,37,2.5,No,Yes
100151,1058,110,Clothing,West,UPI,2026-07-31,2026-08-07,7,2808.57,3,11.65,91.4,8425.71,981.6,7535.51,39,3.6,No,No
100152,1024,118,Clothing,North,Debit Card,2026-07-13,2026-07-14,1,4374.42,4,24.14,184.52,17497.68,4223.94,13458.26,60,3.2,No,No
100153,1086,110,Electronics,South,Credit Card,2026-03-02,2026-03-10,8,4576.48,10,21.11,131.06,45764.8,9660.95,36234.91,33,3.2,No,Yes
100154,1137,121,Grocery,East,Debit Card,2026-07-04,2026-07-12,8,2356.72,8,22.85,109.67,18853.76,4308.08,14655.35,31,2.5,No,No
100155,1057,124,Clothing,North,Debit Card,2026-08-02,2026-08-07,5,804.44,6,6.9,179.54,4826.64,333.04,4673.14,33,3.0,No,No
100156,1066,125,Home,West,Cash,2026-03-28,2026-04-03,6,887.87,9,14.65,276.73,7990.83,1170.66,7096.9,52,5.0,No,Yes
100157,1020,127,Electronics,North,Cash,2026-03-12,2026-03-16,4,386.44,3,0.27,161.61,1159.32,3.13,1317.8,41,1.2,No,No
100158,1124,122,Home,North,UPI,2026-09-30,2026-10-07,7,108.66,9,21.67,170.01,977.94,211.92,936.03,36,1.1,No,No
100159,1046,104,Electronics,South,Credit Card,2026-04-09,2026-04-14,5,4085.31,5,23.85,42.13,20426.55,4871.73,15596.95,43,2.8,No,No
100160,1077,122,Electronics,North,UPI,2026-07-27,2026-08-03,7,1916.99,8,1.68,22.65,15335.92,257.64,15100.93,28,1.3,No,No
100161,1085,119,Electronics,North,Credit Card,2026-04-19,2026-04-27,8,1391.92,2,20.53,98.5,2783.84,571.52,2310.82,52,3.3,Yes,No
100162,1081,101,Clothing,South,Cash,2026-02-09,2026-02-14,5,854.13,4,17.0,257.84,3416.52,580.81,3093.55,61,4.6,No,No
100163,1036,126,Electronics,East,UPI,2026-02-20,2026-02-27,7,1199.11,2,10.22,235.32,2398.22,245.1,2388.44,56,2.6,No,Yes
100164,1070,126,Home,West,Credit Card,2026-07-02,2026-07-09,7,2187.65,10,19.82,43.99,21876.5,4335.92,17584.57,57,2.2,No,Yes
100165,1069,105,Home,South,Cash,2026-06-12,2026-06-18,6,577.43,1,28.29,144.53,577.43,163.35,558.61,35,1.4,No,Yes
100166,1143,118,Sports,West,UPI,2026-01-14,2026-01-16,2,1801.88,2,17.91,239.64,3603.76,645.43,3197.97,42,1.0,No,No
100167,1144,129,Clothing,South,Cash,2026-03-28,2026-03-31,3,1381.15,5,14.79,37.71,6905.75,1021.36,5922.1,45,2.1,No,No
100168,1093,109,Clothing,West,Net Banking,2026-04-11,2026-04-19,8,579.51,5,0.2,130.79,2897.55,5.8,3022.54,57,2.5,No,Yes
100169,1111,127,Sports,South,Debit Card,2026-06-14,2026-06-18,4,2421.1,3,28.94,291.24,7263.3,2102.0,5452.54,36,3.9,No,No
100170,1063,111,Home,East,Cash,2026-07-06,2026-07-08,2,4663.73,4,17.77,172.78,18654.92,3314.98,15512.72,61,4.1,Yes,No
100171,1054,115,Grocery,North,Cash,2026-09-13,2026-09-16,3,3185.01,4,7.58,63.16,12740.04,965.7,11837.5,45,4.2,Yes,No
100172,1123,119,Home,West,Net Banking,2026-01-19,2026-01-25,6,3523.09,9,17.81,276.03,31707.81,5647.16,26336.68,24,4.1,No,Yes
100173,1012,119,Home,East,Cash,2026-02-24,2026-02-25,1,538.1,4,15.32,165.26,2152.4,329.75,1987.91,55,3.8,No,Yes
100174,1119,125,Sports,South,Debit Card,2026-01-13,2026-01-21,8,567.52,7,27.62,44.04,3972.64,1097.24,2919.44,64,1.6,No,Yes
100175,1053,117,Home,East,Cash,2026-02-19,2026-02-27,8,3623.87,8,9.57,104.07,28990.96,2774.43,26320.6,63,1.5,No,No
100176,1043,130,Clothing,South,Net Banking,2026-03-23,2026-03-29,6,2821.25,8,6.96,133.41,22570.0,1570.87,21132.54,29,1.7,No,Yes
100177,1051,115,Sports,West,Cash,2026-01-03,2026-01-07,4,1068.63,2,17.32,243.86,2137.26,370.17,2010.95,52,1.7,No,Yes
100178,1068,122,Home,East,Net Banking,2026-07-18,2026-07-25,7,2955.67,6,10.56,148.2,17734.02,1872.71,16009.51,29,4.3,No,Yes
100179,1022,122,Clothing,East,UPI,2026-05-03,2026-05-08,5,628.9,6,20.8,163.03,3773.4,784.87,3151.56,44,3.4,No,Yes
100180,1125,121,Sports,South,Net Banking,2026-03-27,2026-04-04,8,1479.73,3,9.44,146.28,4439.19,419.06,4166.41,21,4.5,No,Yes
100181,1050,127,Home,West,Cash,2026-09-09,2026-09-16,7,3565.2,8,14.66,43.15,28521.6,4181.27,24383.48,19,4.2,No,Yes
100182,1058,118,Grocery,South,Cash,2026-09-11,2026-09-13,2,2884.93,5,23.25,250.52,14424.65,3353.73,11321.44,41,3.2,No,No
100183,1113,118,Clothing,West,UPI,2026-05-07,2026-05-12,5,4380.31,1,13.49,117.6,4380.31,590.9,3907.01,23,2.8,No,No
100184,1061,107,Sports,East,Net Banking,2026-08-08,2026-08-11,3,3099.95,4,24.41,245.52,12399.8,3026.79,9618.53,54,2.4,No,Yes
100185,1083,123,Grocery,East,Net Banking,2026-05-17,2026-05-19,2,721.17,7,27.56,297.9,5048.19,1391.28,3954.81,59,1.5,No,Yes
100186,1083,127,Clothing,West,Cash,2026-03-14,2026-03-19,5,3157.67,7,13.56,197.42,22103.69,2997.26,19303.85,23,2.6,No,No
100187,1095,115,Home,East,Net Banking,2026-01-02,2026-01-04,2,3668.11,8,19.05,215.24,29344.88,5590.2,23969.92,22,4.2,No,No
100188,1055,116,Grocery,East,Debit Card,2026-06-22,2026-06-25,3,2852.4,8,23.65,270.36,22819.2,5396.74,17692.82,21,1.2,No,No
100189,1005,104,Clothing,West,Cash,2026-01-01,2026-01-08,7,1051.48,3,26.46,104.52,3154.44,834.66,2424.3,35,1.4,No,Yes
100190,1043,102,Home,East,Credit Card,2026-08-08,2026-08-10,2,3533.31,1,6.4,41.82,3533.31,226.13,3349.0,55,1.9,No,Yes
100191,1088,127,Electronics,West,Credit Card,2026-09-02,2026-09-04,2,1183.29,2,21.92,48.68,2366.58,518.75,1896.51,38,2.5,No,Yes
100192,1035,121,Clothing,North,Net Banking,2026-01-05,2026-01-08,3,2228.49,4,18.84,62.38,8913.96,1679.39,7296.95,44,3.5,No,Yes
100193,1026,105,Electronics,West,Debit Card,2026-08-08,2026-08-14,6,3965.83,4,8.31,43.59,15863.32,1318.24,14588.67,53,3.4,No,Yes
100194,1007,128,Grocery,South,Net Banking,2026-09-18,2026-09-22,4,3751.83,5,19.39,239.46,18759.15,3637.4,15361.21,33,3.0,No,Yes
100195,1019,117,Electronics,East,Debit Card,2026-03-09,2026-03-16,7,4311.03,10,12.63,172.98,43110.3,5444.83,37838.45,29,4.1,No,No
100196,1005,119,Electronics,North,Debit Card,2026-04-21,2026-04-22,1,4616.77,7,15.2,196.0,32317.39,4912.24,27601.15,50,4.1,No,Yes
100197,1138,118,Sports,South,Debit Card,2026-02-12,2026-02-17,5,441.16,4,29.23,63.51,1764.64,515.8,1312.35,38,2.6,No,No
100198,1017,110,Home,South,UPI,2026-05-06,2026-05-08,2,4626.91,2,13.6,190.47,9253.82,1258.52,8185.77,37,3.7,No,Yes
100199,1004,123,Clothing,North,Credit Card,2026-09-12,2026-09-18,6,2638.88,5,5.01,55.54,13194.4,661.04,12588.9,35,3.9,No,No
100200,1086,126,Home,East,Net Banking,2026-02-02,2026-02-07,5,3576.0,10,18.83,158.92,35760.0,6733.61,29185.31,50,2.4,No,No
100201,1095,106,Grocery,North,Net Banking,2026-03-01,2026-03-05,4,3716.86,1,1.32,261.62,3716.86,49.06,3929.42,33,1.2,No,No
100202,1046,130,Electronics,West,Credit Card,2026-06-14,2026-06-18,4,2110.47,6,8.14,41.81,12662.82,1030.75,11673.88,41,1.5,No,Yes
100203,1058,126,Sports,North,Cash,2026-02-05,2026-02-13,8,4336.86,5,9.82,174.87,21684.3,2129.4,19729.77,18,2.5,No,No
100204,1063,115,Grocery,West,Credit Card,2026-05-06,2026-05-09,3,81.57,7,0.72,171.63,570.99,4.11,738.51,58,4.4,No,No
100205,1001,125,Home,East,UPI,2026-04-16,2026-04-20,4,2128.09,1,29.18,59.86,2128.09,620.98,1566.97,35,1.4,No,No
100206,1134,114,Grocery,West,UPI,2026-02-18,2026-02-21,3,3204.22,7,2.24,178.99,22429.54,502.42,22106.11,45,3.6,No,Yes
100207,1081,130,Home,East,Debit Card,2026-08-20,2026-08-25,5,1206.38,4,4.08,235.64,4825.52,196.88,4864.28,24,1.6,No,Yes
100208,1105,104,Sports,East,Credit Card,2026-08-20,2026-08-25,5,2343.57,2,2.71,246.13,4687.14,127.02,4806.25,37,4.3,No,Yes
100209,1084,105,Electronics,South,Debit Card,2026-07-22,2026-07-23,1,3402.06,5,24.6,68.68,17010.3,4184.53,12894.45,43,4.4,No,No
100210,1025,115,Electronics,South,UPI,2026-01-07,2026-01-08,1,4160.34,4,3.92,250.63,16641.36,652.34,16239.65,41,3.7,No,Yes
100211,1067,130,Electronics,North,UPI,2026-04-12,2026-04-20,8,4056.03,2,27.15,252.22,8112.06,2202.42,6161.86,39,1.5,No,Yes
100212,1147,114,Home,West,UPI,2026-07-15,2026-07-22,7,905.4,4,27.25,96.99,3621.6,986.89,2731.7,46,4.5,Yes,No
100213,1063,121,Grocery,West,Cash,2026-09-03,2026-09-04,1,484.22,7,4.12,75.85,3389.54,139.65,3325.74,51,2.0,No,Yes
100214,1005,113,Grocery,West,Net Banking,2026-09-06,2026-09-12,6,4567.75,9,9.65,95.72,41109.75,3967.09,37238.38,19,2.3,No,No
100215,1072,102,Home,East,Net Banking,2026-04-30,2026-05-03,3,545.66,4,8.0,248.56,2182.64,174.61,2256.59,65,1.2,No,Yes
100216,1100,112,Clothing,South,Credit Card,2026-06-12,2026-06-18,6,4574.2,1,21.1,118.47,4574.2,965.16,3727.51,54,3.3,No,Yes
100217,1127,118,Grocery,South,Cash,2026-01-20,2026-01-22,2,328.03,10,6.56,167.41,3280.3,215.19,3232.52,18,2.3,No,No
100218,1088,123,Clothing,East,UPI,2026-01-12,2026-01-15,3,2953.72,3,23.23,257.01,8861.16,2058.45,7059.72,41,4.8,No,No
100219,1102,119,Electronics,East,Debit Card,2026-06-15,2026-06-18,3,4880.51,7,23.76,288.99,34163.57,8117.26,26335.3,59,2.3,No,No
100220,1092,108,Sports,South,Cash,2026-06-07,2026-06-12,5,680.37,1,28.46,285.64,680.37,193.63,772.38,43,4.4,No,No
100221,1047,120,Grocery,South,Net Banking,2026-02-23,2026-03-03,8,746.18,2,7.14,295.07,1492.36,106.55,1680.88,28,3.5,No,No
100222,1086,115,Electronics,East,Credit Card,2026-05-08,2026-05-10,2,1784.88,2,21.61,33.48,3569.76,771.43,2831.81,46,3.9,No,No
100223,1127,129,Home,East,Net Banking,2026-07-12,2026-07-14,2,4152.59,10,19.53,212.4,41525.9,8110.01,33628.29,28,2.8,No,Yes
100224,1006,111,Grocery,North,UPI,2026-06-25,2026-06-28,3,4445.26,3,21.96,173.17,13335.78,2928.54,10580.41,23,2.4,No,No
100225,1008,114,Clothing,West,Credit Card,2026-01-28,2026-01-30,2,1688.92,4,12.28,175.15,6755.68,829.6,6101.23,64,3.2,No,Yes
100226,1025,102,Home,West,Credit Card,2026-01-28,2026-02-03,6,68.89,2,8.84,205.37,137.78,12.18,330.97,56,2.9,No,Yes
100227,1075,103,Home,North,Debit Card,2026-07-23,2026-07-31,8,2471.03,5,2.73,172.36,12355.15,337.3,12190.21,29,2.5,No,Yes
100228,1012,109,Home,West,Debit Card,2026-04-26,2026-05-01,5,2843.02,3,22.57,206.89,8529.06,1925.01,6810.94,23,3.7,No,Yes
100229,1059,118,Electronics,West,Net Banking,2026-08-03,2026-08-11,8,2884.94,4,14.29,42.11,11539.76,1649.03,9932.84,63,1.1,No,Yes
100230,1147,122,Sports,South,UPI,2026-08-18,2026-08-21,3,4747.85,3,29.16,246.37,14243.55,4153.42,10336.5,26,1.2,Yes,No
100231,1052,127,Clothing,East,Debit Card,2026-02-04,2026-02-06,2,1971.09,7,16.56,259.85,13797.63,2284.89,11772.59,51,2.8,No,No
100232,1134,126,Home,North,Cash,2026-03-18,2026-03-21,3,2854.64,10,22.75,283.1,28546.4,6494.31,22335.19,24,3.3,No,Yes
100233,1138,129,Grocery,West,Debit Card,2026-07-16,2026-07-24,8,2881.52,8,1.12,97.12,23052.16,258.18,22891.1,27,3.5,No,Yes
100234,1102,129,Grocery,South,UPI,2026-09-01,2026-09-06,5,4490.31,1,10.14,242.22,4490.31,455.32,4277.21,37,2.1,No,No
100235,1026,128,Clothing,South,Debit Card,2026-08-15,2026-08-21,6,1383.63,7,18.15,45.0,9685.41,1757.9,7972.51,46,1.8,No,No
100236,1133,128,Grocery,North,Net Banking,2026-03-23,2026-03-25,2,1590.06,9,12.1,238.54,14310.54,1731.58,12817.5,51,4.5,Yes,Yes
100237,1052,127,Electronics,South,UPI,2026-08-22,2026-08-23,1,4594.25,4,8.22,250.58,18377.0,1510.59,17116.99,50,2.6,No,No
100238,1062,112,Home,West,Credit Card,2026-08-31,2026-09-06,6,1754.03,5,22.47,212.88,8770.15,1970.65,7012.38,36,1.1,Yes,No
100239,1055,128,Clothing,South,Credit Card,2026-05-18,2026-05-25,7,2590.74,1,14.22,57.05,2590.74,368.4,2279.39,29,3.4,Yes,Yes
100240,1079,123,Grocery,West,Cash,2026-06-28,2026-07-06,8,1297.39,8,9.06,165.78,10379.12,940.35,9604.55,57,2.6,No,Yes
100241,1096,118,Sports,East,Debit Card,2026-02-25,2026-03-05,8,365.99,5,19.22,261.22,1829.95,351.72,1739.45,34,3.6,No,No
100242,1049,105,Sports,South,UPI,2026-07-26,2026-08-01,6,3419.74,1,19.66,299.29,3419.74,672.32,3046.71,34,4.6,No,No
100243,1150,123,Sports,South,Debit Card,2026-04-24,2026-05-02,8,4537.31,6,15.22,256.72,27223.86,4143.47,23337.11,60,4.5,No,Yes
100244,1033,124,Grocery,South,Debit Card,2026-02-15,2026-02-19,4,1808.65,5,12.61,268.32,9043.25,1140.35,8171.22,41,2.0,No,No
100245,1121,102,Sports,North,Cash,2026-04-10,2026-04-12,2,4344.11,7,15.9,135.67,30408.77,4834.99,25709.45,27,1.5,No,Yes
100246,1146,129,Home,South,Debit Card,2026-04-03,2026-04-05,2,2463.53,3,9.4,36.24,7390.59,694.72,6732.11,46,2.1,No,Yes
100247,1041,116,Electronics,South,Net Banking,2026-08-11,2026-08-18,7,2046.8,8,11.5,30.56,16374.4,1883.06,14521.9,30,3.9,No,No
100248,1136,107,Electronics,North,Credit Card,2026-04-26,2026-05-02,6,1594.86,2,11.51,184.83,3189.72,367.14,3007.41,28,1.3,Yes,No
100249,1117,124,Sports,East,Cash,2026-03-10,2026-03-16,6,4980.89,8,10.78,72.76,39847.12,4295.52,35624.36,43,1.1,No,No
100250,1055,124,Electronics,South,UPI,2026-07-07,2026-07-08,1,1907.2,5,23.14,194.48,9536.0,2206.63,7523.85,56,5.0,No,No
100251,1006,102,Electronics,West,Cash,2026-07-14,2026-07-16,2,2759.05,8,21.06,77.54,22072.4,4648.45,17501.49,61,3.5,No,No
100252,1134,109,Sports,South,Cash,2026-02-23,2026-02-25,2,1449.4,2,14.93,190.52,2898.8,432.79,2656.53,34,4.3,No,Yes
100253,1105,110,Clothing,North,Net Banking,2026-09-12,2026-09-16,4,3456.61,8,9.92,20.77,27652.88,2743.17,24930.48,60,1.4,No,No
100254,1127,105,Electronics,North,UPI,2026-05-12,2026-05-16,4,2310.92,5,7.92,34.02,11554.6,915.12,10673.5,29,4.5,No,Yes
100255,1081,114,Electronics,North,UPI,2026-01-05,2026-01-08,3,3333.61,3,9.86,270.47,10000.83,986.08,9285.22,57,2.1,No,Yes
100256,1088,106,Electronics,West,Cash,2026-08-22,2026-08-27,5,4186.76,8,24.0,201.68,33494.08,8038.58,25657.18,28,1.5,No,Yes
100257,1041,104,Home,West,Net Banking,2026-08-13,2026-08-16,3,3076.05,6,18.34,261.52,18456.3,3384.89,15332.93,64,4.9,No,No
100258,1029,129,Home,West,UPI,2026-02-02,2026-02-07,5,3292.12,1,21.14,209.82,3292.12,695.95,2805.99,65,3.3,No,No
100259,1087,117,Sports,North,Cash,2026-05-08,2026-05-16,8,1761.46,7,4.46,251.4,12330.22,549.93,12031.69,57,1.2,No,Yes
100260,1121,128,Home,South,UPI,2026-09-09,2026-09-15,6,1242.41,5,1.51,82.36,6212.05,93.8,6200.61,59,2.5,No,Yes
100261,1114,126,Sports,West,UPI,2026-09-13,2026-09-21,8,1614.5,8,22.36,24.98,12916.0,2888.02,10052.96,43,2.6,No,Yes
100262,1024,126,Sports,East,Net Banking,2026-04-16,2026-04-24,8,4754.26,6,24.76,248.64,28525.56,7062.93,21711.27,47,2.3,No,No
100263,1094,123,Home,North,UPI,2026-04-24,2026-04-25,1,1739.72,5,16.43,124.69,8698.6,1429.18,7394.11,24,1.2,No,Yes
100264,1105,104,Grocery,South,Credit Card,2026-03-03,2026-03-10,7,1117.17,4,21.5,50.17,4468.68,960.77,3558.08,44,1.2,No,No
100265,1032,125,Home,West,Net Banking,2026-09-16,2026-09-19,3,4821.08,1,15.91,33.6,4821.08,767.03,4087.65,45,4.4,No,Yes
100266,1046,123,Sports,South,Credit Card,2026-02-23,2026-03-02,7,3304.73,10,26.48,161.15,33047.3,8750.93,24457.52,42,2.7,No,No
100267,1064,109,Home,East,Debit Card,2026-08-20,2026-08-23,3,733.99,10,21.0,229.56,7339.9,1541.38,6028.08,37,4.4,No,Yes
100268,1142,121,Clothing,South,Credit Card,2026-05-29,2026-06-04,6,4609.9,3,29.44,202.02,13829.7,4071.46,9960.26,29,3.0,No,Yes
100269,1030,125,Grocery,West,Net Banking,2026-08-02,2026-08-07,5,4393.51,7,24.25,166.36,30754.57,7457.98,23462.95,19,2.5,Yes,Yes
100270,1069,125,Clothing,East,Debit Card,2026-03-16,2026-03-17,1,3468.44,5,6.12,171.53,17342.2,1061.34,16452.39,40,4.3,No,No
100271,1144,128,Clothing,West,Credit Card,2026-09-19,2026-09-24,5,3480.03,1,27.79,128.52,3480.03,967.1,2641.45,61,2.3,No,Yes
100272,1065,107,Sports,West,Credit Card,2026-07-08,2026-07-12,4,3891.93,4,8.83,69.68,15567.72,1374.63,14262.77,61,1.3,No,No
100273,1031,113,Electronics,West,Debit Card,2026-05-16,2026-05-19,3,846.6,5,0.17,150.57,4233.0,7.2,4376.37,27,1.2,No,No
100274,1078,116,Sports,East,UPI,2026-06-12,2026-06-16,4,4787.09,9,2.05,161.44,43083.81,883.22,42362.03,44,3.2,No,Yes
100275,1055,122,Grocery,East,Debit Card,2026-05-31,2026-06-04,4,4754.03,10,15.91,299.06,47540.3,7563.66,40275.7,59,1.0,No,Yes
100276,1063,102,Grocery,West,UPI,2026-07-17,2026-07-22,5,2724.17,5,0.74,164.72,13620.85,100.79,13684.78,41,3.1,No,Yes
100277,1076,129,Clothing,East,Net Banking,2026-02-12,2026-02-14,2,878.6,9,16.0,195.54,7907.4,1265.18,6837.76,31,3.7,No,No
100278,1109,127,Electronics,South,Net Banking,2026-08-11,2026-08-13,2,3747.11,3,0.71,220.72,11241.33,79.81,11382.24,20,1.4,Yes,No
100279,1143,103,Sports,South,Debit Card,2026-07-28,2026-08-04,7,2283.07,7,12.99,24.73,15981.49,2076.0,13930.22,61,1.5,Yes,No
100280,1017,125,Sports,North,UPI,2026-07-03,2026-07-05,2,1484.69,5,18.2,98.82,7423.45,1351.07,6171.2,46,2.5,No,Yes
100281,1041,118,Clothing,South,Cash,2026-06-01,2026-06-04,3,1525.38,6,28.72,23.12,9152.28,2628.53,6546.87,53,1.6,Yes,No
100282,1101,118,Sports,North,Debit Card,2026-04-18,2026-04-24,6,1098.1,9,4.27,71.52,9882.9,422.0,9532.42,57,4.3,No,Yes
100283,1146,128,Electronics,West,Net Banking,2026-02-07,2026-02-12,5,3374.84,5,2.95,223.16,16874.2,497.79,16599.57,49,4.8,No,No
100284,1061,104,Grocery,North,Credit Card,2026-06-12,2026-06-20,8,2280.7,10,19.78,214.17,22807.0,4511.22,18509.95,27,3.3,No,Yes
100285,1110,106,Electronics,East,Credit Card,2026-04-24,2026-05-01,7,1419.57,6,4.03,225.23,8517.42,343.25,8399.4,48,2.9,No,Yes
100286,1142,104,Clothing,North,Debit Card,2026-03-13,2026-03-17,4,1353.01,2,21.82,269.79,2706.02,590.45,2385.36,50,3.5,No,No
100287,1055,130,Electronics,East,Net Banking,2026-08-30,2026-09-02,3,1860.8,4,26.74,185.09,7443.2,1990.31,5637.98,36,1.5,No,Yes
100288,1094,117,Electronics,South,Net Banking,2026-03-26,2026-03-29,3,2258.79,3,16.99,178.43,6776.37,1151.31,5803.49,27,3.9,No,Yes
100289,1057,125,Home,South,UPI,2026-05-16,2026-05-22,6,1208.39,4,15.54,241.61,4833.56,751.14,4324.03,42,2.9,No,Yes
100290,1083,104,Sports,East,Debit Card,2026-03-31,2026-04-07,7,3285.69,6,17.63,271.5,19714.14,3475.6,16510.04,22,3.1,No,No
100291,1133,113,Grocery,East,Cash,2026-09-04,2026-09-05,1,2534.09,3,13.2,84.4,7602.27,1003.5,6683.17,50,3.6,No,Yes
100292,1093,120,Electronics,South,Cash,2026-06-19,2026-06-21,2,2433.51,8,14.37,185.42,19468.08,2797.56,16855.94,59,4.3,Yes,Yes
100293,1147,119,Clothing,South,Net Banking,2026-01-21,2026-01-24,3,326.76,5,27.67,164.66,1633.8,452.07,1346.39,43,3.4,No,Yes
100294,1073,103,Clothing,West,Net Banking,2026-08-30,2026-09-07,8,894.31,7,18.03,242.49,6260.17,1128.71,5373.95,29,3.5,No,Yes
100295,1088,130,Home,North,Credit Card,2026-07-13,2026-07-20,7,704.46,1,6.07,260.69,704.46,42.76,922.39,50,3.7,No,No
100296,1046,116,Sports,North,Net Banking,2026-09-15,2026-09-17,2,511.29,3,27.06,171.0,1533.87,415.07,1289.8,18,4.6,No,No
100297,1134,114,Grocery,North,Net Banking,2026-08-08,2026-08-12,4,4695.19,8,23.69,126.75,37561.52,8898.32,28789.95,55,4.2,No,No
100298,1148,104,Home,South,Debit Card,2026-09-02,2026-09-06,4,4554.92,2,8.5,265.49,9109.84,774.34,8600.99,44,2.0,Yes,No
100299,1002,119,Sports,North,Net Banking,2026-01-04,2026-01-11,7,3290.0,6,12.27,49.84,19740.0,2422.1,17367.74,45,3.6,No,No
100300,1109,119,Grocery,East,Cash,2026-04-15,2026-04-22,7,2782.92,9,14.47,123.66,25046.28,3624.2,21545.74,53,2.9,No,No
100301,1102,124,Clothing,North,Credit Card,2026-08-17,2026-08-20,3,546.38,9,12.02,114.76,4917.42,591.07,4441.11,53,3.5,No,Yes
100302,1100,121,Electronics,North,Credit Card,2026-08-30,2026-09-06,7,486.3,5,6.65,42.41,2431.5,161.69,2312.22,20,3.9,No,Yes
100303,1134,110,Sports,North,Credit Card,2026-09-11,2026-09-19,8,103.02,9,8.58,29.41,927.18,79.55,877.04,56,3.0,No,No
100304,1010,112,Clothing,North,Credit Card,2026-02-14,2026-02-19,5,3909.38,6,20.09,133.53,23456.28,4712.37,18877.44,30,3.1,No,Yes
100305,1024,118,Grocery,East,Debit Card,2026-05-22,2026-05-26,4,3051.5,4,13.64,133.11,12206.0,1664.9,10674.21,18,2.0,No,Yes
100306,1019,117,Grocery,East,UPI,2026-09-20,2026-09-25,5,4386.76,10,7.5,143.98,43867.6,3290.07,40721.51,42,3.3,No,No
100307,1118,122,Home,North,Cash,2026-03-01,2026-03-06,5,384.39,4,20.31,84.38,1537.56,312.28,1309.66,38,2.6,No,Yes
100308,1068,108,Grocery,North,Cash,2026-06-25,2026-06-27,2,2795.03,3,14.3,118.99,8385.09,1199.07,7305.01,54,2.1,No,No
100309,1049,116,Clothing,South,Credit Card,2026-05-16,2026-05-20,4,1184.58,4,25.09,119.69,4738.32,1188.84,3669.17,24,1.5,Yes,No
100310,1127,120,Electronics,North,Cash,2026-07-10,2026-07-16,6,2487.08,10,26.06,157.43,24870.8,6481.33,18546.9,50,2.1,No,No
100311,1014,117,Home,West,Net Banking,2026-01-17,2026-01-23,6,1998.9,3,13.72,53.7,5996.7,822.75,5227.65,51,2.8,No,Yes
100312,1054,113,Sports,North,Debit Card,2026-07-05,2026-07-10,5,976.4,5,7.11,151.98,4882.0,347.11,4686.87,57,2.4,No,Yes
100313,1108,123,Grocery,East,Cash,2026-05-24,2026-06-01,8,940.45,3,29.38,212.08,2821.35,828.91,2204.52,24,3.9,No,No
100314,1098,107,Clothing,South,Cash,2026-01-05,2026-01-08,3,2136.53,3,29.87,257.83,6409.59,1914.54,4752.88,51,3.1,No,Yes
100315,1065,118,Sports,North,Cash,2026-02-20,2026-02-23,3,347.18,5,14.3,196.36,1735.9,248.23,1684.03,46,4.0,No,Yes
100316,1143,130,Grocery,East,UPI,2026-07-30,2026-08-01,2,1787.9,10,5.97,181.25,17879.0,1067.38,16992.87,59,3.2,No,Yes
100317,1084,122,Sports,West,Cash,2026-02-10,2026-02-17,7,3087.64,8,18.95,60.56,24701.12,4680.86,20080.82,28,3.6,No,Yes
100318,1147,113,Electronics,North,Credit Card,2026-06-25,2026-06-29,4,1601.74,5,21.31,189.51,8008.7,1706.65,6491.56,43,2.1,No,No
100319,1093,124,Sports,West,Cash,2026-03-27,2026-03-30,3,4278.35,3,21.83,205.37,12835.05,2801.89,10238.53,65,3.8,No,Yes
100320,1027,104,Electronics,West,Net Banking,2026-01-28,2026-01-29,1,3866.12,9,22.95,43.31,34795.08,7985.47,26852.92,34,3.5,No,No
100321,1100,110,Clothing,South,Debit Card,2026-08-15,2026-08-18,3,699.82,3,0.86,205.79,2099.46,18.06,2287.19,38,4.5,No,No
100322,1070,118,Home,South,Net Banking,2026-04-01,2026-04-09,8,3173.69,10,13.05,199.14,31736.9,4141.67,27794.37,52,2.2,No,Yes
100323,1023,115,Grocery,East,Cash,2026-05-14,2026-05-17,3,1552.69,1,15.7,232.32,1552.69,243.77,1541.24,26,2.4,No,Yes
100324,1126,125,Home,East,UPI,2026-08-09,2026-08-14,5,3005.17,1,16.45,72.8,3005.17,494.35,2583.62,53,2.7,No,No
100325,1100,127,Home,South,Debit Card,2026-02-10,2026-02-17,7,3145.35,9,22.94,274.79,28308.15,6493.89,22089.05,62,3.7,No,No
100326,1069,114,Clothing,North,Credit Card,2026-03-11,2026-03-16,5,596.26,8,18.53,96.2,4770.08,883.9,3982.38,57,3.0,No,Yes
100327,1137,101,Clothing,North,Debit Card,2026-05-18,2026-05-21,3,3590.22,1,6.98,62.19,3590.22,250.6,3401.81,49,1.9,No,No
100328,1128,112,Home,North,Debit Card,2026-02-11,2026-02-14,3,327.39,7,2.14,151.64,2291.73,49.04,2394.33,30,4.6,No,Yes
100329,1004,104,Clothing,West,Cash,2026-05-07,2026-05-08,1,1035.94,2,15.63,294.99,2071.88,323.83,2043.04,48,2.6,No,No
100330,1041,121,Electronics,North,Debit Card,2026-09-04,2026-09-09,5,1033.68,1,25.91,80.98,1033.68,267.83,846.83,25,1.9,No,Yes
100331,1071,119,Electronics,West,Credit Card,2026-01-05,2026-01-06,1,2926.33,8,20.65,63.4,23410.64,4834.3,18639.74,23,2.0,No,No
100332,1087,130,Electronics,North,Debit Card,2026-03-20,2026-03-22,2,672.85,4,9.5,176.34,2691.4,255.68,2612.06,59,4.0,No,Yes
100333,1050,101,Home,East,Credit Card,2026-05-09,2026-05-10,1,2452.25,8,16.77,171.97,19618.0,3289.94,16500.03,49,1.8,No,Yes
100334,1120,109,Sports,South,UPI,2026-09-29,2026-10-02,3,2274.45,5,16.25,147.14,11372.25,1847.99,9671.4,58,3.0,No,No
100335,1094,125,Sports,South,Debit Card,2026-02-02,2026-02-09,7,989.85,8,22.97,63.16,7918.8,1818.95,6163.01,36,2.3,No,Yes
100336,1134,122,Electronics,North,Credit Card,2026-04-02,2026-04-03,1,1050.29,8,5.75,28.91,8402.32,483.13,7948.1,59,4.3,No,Yes
100337,1066,102,Grocery,South,Net Banking,2026-02-06,2026-02-07,1,4654.54,4,19.67,279.95,18618.16,3662.19,15235.92,23,2.9,No,Yes
100338,1107,127,Grocery,North,Net Banking,2026-05-17,2026-05-18,1,3684.79,5,2.34,80.45,18423.95,431.12,18073.28,51,1.4,No,Yes
100339,1049,107,Sports,South,Net Banking,2026-04-02,2026-04-09,7,3743.24,10,10.74,148.44,37432.4,4020.24,33560.6,60,2.7,No,No
100340,1141,113,Sports,East,Credit Card,2026-08-15,2026-08-21,6,4517.3,9,29.74,110.9,40655.7,12091.01,28675.59,41,2.6,No,No
100341,1083,120,Clothing,South,Cash,2026-05-11,2026-05-17,6,4810.18,8,28.79,20.05,38481.44,11078.81,27422.68,20,4.9,No,Yes
100342,1078,101,Grocery,South,Credit Card,2026-06-11,2026-06-12,1,3869.04,5,27.57,163.16,19345.2,5333.47,14174.89,54,4.7,No,Yes
100343,1092,105,Clothing,East,Debit Card,2026-05-08,2026-05-12,4,1318.41,5,2.76,131.94,6592.05,181.94,6542.05,31,3.9,No,No
100344,1045,116,Sports,North,Net Banking,2026-06-03,2026-06-04,1,3667.41,10,11.45,238.43,36674.1,4199.18,32713.35,39,2.4,No,Yes
100345,1031,128,Clothing,North,Cash,2026-01-28,2026-02-02,5,2645.7,6,16.2,61.88,15874.2,2571.62,13364.46,50,3.8,No,No
100346,1101,115,Sports,North,Credit Card,2026-08-10,2026-08-15,5,3942.52,3,3.97,43.11,11827.56,469.55,11401.12,54,4.0,No,Yes
100347,1103,117,Home,South,Credit Card,2026-09-04,2026-09-08,4,2464.91,10,5.88,192.48,24649.1,1449.37,23392.21,65,3.1,No,Yes
100348,1111,111,Sports,North,UPI,2026-07-31,2026-08-07,7,1858.07,4,9.62,186.29,7432.28,714.99,6903.58,19,4.1,No,Yes
100349,1114,120,Clothing,West,UPI,2026-04-30,2026-05-04,4,3442.53,3,22.73,258.77,10327.59,2347.46,8238.9,25,4.0,No,No
100350,1038,128,Grocery,North,Debit Card,2026-02-26,2026-03-03,5,2277.8,1,9.96,227.2,2277.8,226.87,2278.13,31,1.8,No,Yes
100351,1124,120,Clothing,North,Cash,2026-09-27,2026-09-28,1,1314.51,1,8.52,240.97,1314.51,112.0,1443.48,57,2.1,No,No
100352,1018,113,Grocery,East,UPI,2026-01-10,2026-01-15,5,4343.68,7,6.94,126.6,30405.76,2110.16,28422.2,63,1.4,No,No
100353,1137,103,Clothing,South,Net Banking,2026-08-23,2026-08-24,1,246.77,9,9.15,157.18,2220.93,203.22,2174.89,65,1.6,No,Yes
100354,1078,108,Sports,East,UPI,2026-05-12,2026-05-19,7,4457.49,1,28.32,285.75,4457.49,1262.36,3480.88,32,1.6,No,No
100355,1023,124,Home,South,Cash,2026-05-04,2026-05-07,3,2161.0,5,27.29,112.2,10805.0,2948.68,7968.52,52,1.5,No,No
100356,1052,128,Clothing,East,Net Banking,2026-03-11,2026-03-18,7,4978.64,3,19.69,178.16,14935.92,2940.88,12173.2,28,2.3,No,No
100357,1031,106,Grocery,South,UPI,2026-06-13,2026-06-20,7,4807.92,5,13.29,281.46,24039.6,3194.86,21126.2,58,4.7,No,No
100358,1028,105,Clothing,North,Net Banking,2026-05-17,2026-05-21,4,3001.99,4,20.62,120.59,12007.96,2476.04,9652.51,62,4.1,No,No
100359,1121,123,Grocery,South,Cash,2026-09-09,2026-09-17,8,730.69,4,6.79,134.4,2922.76,198.46,2858.7,18,4.7,No,Yes
100360,1052,125,Clothing,North,Credit Card,2026-08-13,2026-08-21,8,3454.92,8,26.63,139.72,27639.36,7360.36,20418.72,20,3.4,No,No
100361,1101,120,Sports,North,Net Banking,2026-02-25,2026-03-05,8,2311.66,1,26.33,88.8,2311.66,608.66,1791.8,52,2.6,No,No
100362,1133,125,Electronics,South,Debit Card,2026-08-14,2026-08-21,7,4427.77,5,13.84,138.29,22138.85,3064.02,19213.12,57,4.7,No,No
100363,1119,127,Home,North,Net Banking,2026-02-27,2026-03-02,3,3904.72,9,4.06,135.8,35142.48,1426.78,33851.5,46,1.1,No,No
100364,1052,129,Home,North,Debit Card,2026-06-15,2026-06-18,3,3605.95,2,2.74,217.74,7211.9,197.61,7232.03,58,2.5,No,Yes
100365,1131,120,Clothing,West,Net Banking,2026-07-14,2026-07-15,1,3852.89,6,16.96,204.67,23117.34,3920.7,19401.31,27,1.6,No,No
100366,1014,114,Grocery,East,Cash,2026-05-28,2026-05-31,3,631.89,3,28.81,20.99,1895.67,546.14,1370.52,34,1.0,No,Yes
100367,1002,120,Home,South,Credit Card,2026-09-01,2026-09-09,8,2080.25,2,18.04,21.84,4160.5,750.55,3431.79,53,2.1,No,No
100368,1054,102,Clothing,South,UPI,2026-06-28,2026-06-29,1,769.6,1,20.01,254.64,769.6,154.0,870.24,37,2.3,No,Yes
100369,1046,106,Grocery,South,Cash,2026-07-04,2026-07-05,1,510.98,5,9.68,271.31,2554.9,247.31,2578.9,22,4.0,No,Yes
100370,1121,105,Electronics,East,Debit Card,2026-09-27,2026-10-04,7,2647.0,4,18.36,50.6,10588.0,1943.96,8694.64,64,4.9,No,Yes
100371,1074,114,Sports,East,Debit Card,2026-09-27,2026-10-03,6,4639.17,10,16.88,165.52,46391.7,7830.92,38726.3,58,3.0,No,No
100372,1060,123,Grocery,South,UPI,2026-03-02,2026-03-03,1,2351.18,2,22.12,78.05,4702.36,1040.16,3740.25,57,5.0,No,Yes
100373,1144,126,Clothing,North,Credit Card,2026-05-25,2026-05-30,5,3961.47,5,9.01,174.0,19807.35,1784.64,18196.71,18,1.5,No,Yes
100374,1146,120,Electronics,South,Credit Card,2026-06-19,2026-06-25,6,4615.28,8,27.48,243.23,36922.24,10146.23,27019.24,59,1.5,No,Yes
100375,1138,129,Grocery,West,Cash,2026-01-29,2026-02-03,5,2846.47,6,16.66,25.24,17078.82,2845.33,14258.73,54,3.7,No,No
100376,1091,103,Clothing,East,UPI,2026-06-23,2026-06-30,7,3151.23,3,17.13,129.08,9453.69,1619.42,7963.35,56,1.5,No,Yes
100377,1081,123,Electronics,East,Cash,2026-02-14,2026-02-22,8,4391.39,6,13.56,286.2,26348.34,3572.83,23061.71,31,3.1,No,Yes
100378,1010,125,Clothing,North,Cash,2026-09-17,2026-09-18,1,4005.18,9,4.62,115.23,36046.62,1665.35,34496.5,48,3.9,No,No
100379,1037,125,Electronics,South,Credit Card,2026-01-19,2026-01-27,8,1968.56,9,3.48,107.07,17717.04,616.55,17207.56,20,3.7,No,Yes
100380,1120,129,Electronics,North,Net Banking,2026-06-09,2026-06-10,1,2908.92,5,19.17,78.76,14544.6,2788.2,11835.16,30,1.8,No,Yes
100381,1113,122,Electronics,East,Credit Card,2026-03-22,2026-03-27,5,616.58,10,16.79,48.67,6165.8,1035.24,5179.23,52,2.4,No,Yes
100382,1073,119,Clothing,South,UPI,2026-06-09,2026-06-15,6,2725.86,1,3.9,151.81,2725.86,106.31,2771.36,61,1.2,No,Yes
100383,1101,106,Sports,West,Net Banking,2026-07-02,2026-07-07,5,1695.04,4,21.39,207.84,6780.16,1450.28,5537.72,52,1.3,No,No
100384,1146,105,Electronics,West,UPI,2026-08-22,2026-08-27,5,3438.17,8,14.12,285.29,27505.36,3883.76,23906.89,27,4.4,No,No
100385,1101,106,Grocery,East,Cash,2026-09-07,2026-09-08,1,373.56,2,10.54,149.15,747.12,78.75,817.52,28,2.1,No,No
100386,1131,104,Home,North,Debit Card,2026-02-06,2026-02-11,5,2687.09,7,17.72,86.8,18809.63,3333.07,15563.36,33,3.2,No,Yes
100387,1088,107,Sports,West,Cash,2026-06-25,2026-06-29,4,906.77,2,22.18,219.33,1813.54,402.24,1630.63,49,1.5,No,Yes
100388,1025,127,Home,South,Debit Card,2026-07-27,2026-07-29,2,3011.38,10,23.14,126.1,30113.8,6968.33,23271.57,49,3.6,Yes,Yes
100389,1036,129,Sports,North,Credit Card,2026-03-18,2026-03-26,8,2679.72,7,18.47,145.2,18758.04,3464.61,15438.63,31,3.7,No,No
100390,1078,130,Home,East,UPI,2026-01-05,2026-01-12,7,4245.8,5,1.87,272.3,21229.0,396.98,21104.32,21,1.0,No,No
100391,1029,128,Grocery,North,Credit Card,2026-08-10,2026-08-17,7,3144.81,7,12.18,141.85,22013.67,2681.27,19474.25,31,3.6,No,Yes
100392,1099,127,Grocery,West,Credit Card,2026-05-28,2026-05-31,3,714.67,2,19.45,60.32,1429.34,278.01,1211.65,49,3.6,No,Yes
100393,1036,121,Home,West,Net Banking,2026-08-06,2026-08-09,3,2299.25,7,16.56,146.01,16094.75,2665.29,13575.47,40,1.9,No,Yes
100394,1128,128,Clothing,East,Cash,2026-07-07,2026-07-08,1,4892.26,10,14.5,123.2,48922.6,7093.78,41952.02,55,2.9,No,Yes
100395,1135,128,Grocery,West,Net Banking,2026-02-10,2026-02-12,2,1263.89,2,20.52,170.98,2527.78,518.7,2180.06,55,2.2,Yes,Yes
100396,1003,116,Home,West,Net Banking,2026-06-19,2026-06-26,7,1796.93,5,8.68,29.89,8984.65,779.87,8234.67,56,4.0,No,No
100397,1016,121,Home,South,Net Banking,2026-01-27,2026-02-01,5,4054.03,10,0.82,155.73,40540.3,332.43,40363.6,26,3.0,No,Yes
100398,1034,120,Grocery,East,Debit Card,2026-01-08,2026-01-10,2,3038.92,10,22.17,204.56,30389.2,6737.29,23856.47,41,4.2,No,No
100399,1125,106,Sports,North,Debit Card,2026-02-13,2026-02-16,3,2997.94,3,25.13,230.77,8993.82,2260.15,6964.44,44,4.1,No,Yes
100400,1043,107,Sports,East,UPI,2026-05-16,2026-05-18,2,309.99,8,11.96,104.38,2479.92,296.6,2287.7,65,4.8,No,Yes
100401,1100,116,Grocery,South,Net Banking,2026-08-11,2026-08-12,1,1479.52,8,11.46,108.39,11836.16,1356.42,10588.13,51,3.7,Yes,No
100402,1091,128,Home,East,Debit Card,2026-05-19,2026-05-24,5,4021.47,5,19.63,129.52,20107.35,3947.07,16289.8,61,4.0,No,No
100403,1050,117,Grocery,South,Debit Card,2026-01-06,2026-01-07,1,4166.86,1,12.34,167.07,4166.86,514.19,3819.74,61,2.8,No,Yes
100404,1050,102,Electronics,North,UPI,2026-04-22,2026-04-24,2,3554.97,2,2.59,189.31,7109.94,184.15,7115.1,42,3.6,No,No
100405,1048,129,Electronics,South,Debit Card,2026-05-31,2026-06-08,8,3319.37,2,19.16,278.35,6638.74,1271.98,5645.11,35,4.1,No,No
100406,1083,109,Clothing,North,Debit Card,2026-02-01,2026-02-08,7,1973.52,1,7.75,247.58,1973.52,152.95,2068.15,29,2.8,No,No
100407,1101,106,Home,North,Credit Card,2026-08-09,2026-08-13,4,3089.13,2,27.38,220.31,6178.26,1691.61,4706.96,24,1.1,Yes,No
100408,1115,101,Home,South,UPI,2026-01-20,2026-01-27,7,1368.86,6,27.14,180.9,8213.16,2229.05,6165.01,50,3.8,No,Yes
100409,1104,128,Electronics,South,UPI,2026-07-16,2026-07-24,8,649.96,9,28.05,120.5,5849.64,1640.82,4329.32,61,2.2,Yes,No
100410,1024,112,Sports,East,UPI,2026-08-24,2026-08-29,5,3256.57,3,16.63,290.9,9769.71,1624.7,8435.91,60,1.8,No,No
100411,1092,116,Electronics,West,Credit Card,2026-03-13,2026-03-14,1,1005.81,10,7.15,128.85,10058.1,719.15,9467.8,52,3.6,No,No
100412,1116,101,Electronics,East,UPI,2026-06-22,2026-06-23,1,2057.26,4,24.21,206.85,8229.04,1992.25,6443.64,47,4.8,No,Yes
100413,1149,108,Electronics,North,Credit Card,2026-09-08,2026-09-09,1,2382.54,10,1.37,216.36,23825.4,326.41,23715.35,26,1.1,No,No
100414,1025,115,Sports,South,Net Banking,2026-02-02,2026-02-04,2,615.19,10,23.98,81.76,6151.9,1475.23,4758.43,30,2.7,No,No
100415,1103,111,Electronics,South,Debit Card,2026-04-20,2026-04-21,1,2985.77,6,1.9,96.69,17914.62,340.38,17670.93,44,1.7,No,Yes
100416,1063,130,Sports,North,Credit Card,2026-02-21,2026-02-28,7,3899.43,1,26.39,42.6,3899.43,1029.06,2912.97,18,1.7,No,No
100417,1073,114,Home,South,Credit Card,2026-03-15,2026-03-20,5,2639.28,7,7.18,68.87,18474.96,1326.5,17217.33,62,1.2,No,Yes
100418,1023,121,Grocery,East,Cash,2026-01-03,2026-01-07,4,999.92,9,29.3,193.3,8999.28,2636.79,6555.79,52,3.0,No,No
100419,1054,109,Electronics,South,UPI,2026-03-18,2026-03-26,8,2512.7,3,20.1,32.07,7538.1,1515.16,6055.01,59,2.5,No,Yes
100420,1117,102,Electronics,North,Net Banking,2026-04-01,2026-04-04,3,3938.19,8,15.45,39.84,31505.52,4867.6,26677.76,33,3.9,No,Yes
100421,1051,124,Grocery,South,UPI,2026-06-16,2026-06-20,4,535.42,7,26.1,125.15,3747.94,978.21,2894.88,32,1.3,No,Yes
100422,1112,105,Clothing,West,Credit Card,2026-07-18,2026-07-24,6,725.2,4,18.96,293.16,2900.8,549.99,2643.97,30,2.3,Yes,No
100423,1072,105,Electronics,West,Cash,2026-08-03,2026-08-06,3,3813.68,4,26.59,189.02,15254.72,4056.23,11387.51,58,4.8,No,No
100424,1142,128,Clothing,North,Cash,2026-09-25,2026-10-03,8,4317.89,4,17.75,254.36,17271.56,3065.7,14460.22,35,1.1,No,No
100425,1064,111,Home,South,Net Banking,2026-03-18,2026-03-19,1,2117.97,1,1.2,151.78,2117.97,25.42,2244.33,50,1.1,No,Yes
100426,1026,115,Home,South,UPI,2026-01-07,2026-01-14,7,4752.17,3,10.75,86.94,14256.51,1532.57,12810.88,23,1.1,No,Yes
100427,1118,128,Sports,North,Cash,2026-08-26,2026-08-29,3,4377.29,7,5.55,264.03,30641.03,1700.58,29204.48,58,2.9,No,No
100428,1019,113,Grocery,North,Debit Card,2026-08-07,2026-08-12,5,3505.37,10,16.27,242.45,35053.7,5703.24,29592.91,61,1.3,No,No
100429,1015,117,Grocery,North,UPI,2026-07-16,2026-07-22,6,2353.5,1,10.97,69.07,2353.5,258.18,2164.39,53,3.8,No,No
100430,1036,111,Clothing,North,Cash,2026-04-18,2026-04-22,4,1636.3,5,15.11,138.42,8181.5,1236.22,7083.7,21,1.3,No,Yes
100431,1135,127,Electronics,West,Net Banking,2026-09-30,2026-10-05,5,2287.29,6,24.0,284.7,13723.74,3293.7,10714.74,22,1.8,No,Yes
100432,1101,129,Clothing,East,UPI,2026-02-25,2026-02-28,3,1415.92,3,14.89,265.0,4247.76,632.49,3880.27,51,4.8,Yes,Yes
100433,1139,130,Clothing,West,Debit Card,2026-08-04,2026-08-12,8,3701.66,1,8.75,37.63,3701.66,323.9,3415.39,32,4.3,No,Yes
100434,1149,111,Grocery,West,Net Banking,2026-09-29,2026-10-07,8,2317.14,10,3.96,241.02,23171.4,917.59,22494.83,28,4.2,No,Yes
100435,1074,125,Electronics,South,Debit Card,2026-05-26,2026-06-03,8,4783.26,10,27.72,219.31,47832.6,13259.2,34792.71,36,1.7,No,No
100436,1040,106,Clothing,North,UPI,2026-06-12,2026-06-15,3,2232.4,6,5.53,177.5,13394.4,740.71,12831.19,20,3.7,No,Yes
100437,1115,118,Clothing,East,UPI,2026-01-13,2026-01-20,7,4658.79,3,28.43,279.79,13976.37,3973.48,10282.68,27,1.0,No,No
100438,1085,121,Grocery,West,Debit Card,2026-03-17,2026-03-25,8,1726.49,2,21.95,272.05,3452.98,757.93,2967.1,26,3.7,No,Yes
100439,1057,115,Grocery,North,Debit Card,2026-01-29,2026-02-02,4,2937.99,4,23.44,234.79,11751.96,2754.66,9232.09,30,1.1,No,Yes
100440,1023,117,Home,South,Cash,2026-06-12,2026-06-13,1,4546.81,6,11.93,220.47,27280.86,3254.61,24246.72,45,2.5,No,Yes
100441,1090,110,Home,North,Credit Card,2026-08-16,2026-08-23,7,4028.24,5,4.91,223.84,20141.2,988.93,19376.11,45,3.9,No,No
100442,1023,105,Clothing,East,Cash,2026-09-26,2026-10-02,6,377.27,10,22.68,44.77,3772.7,855.65,2961.82,44,3.6,No,Yes
100443,1119,123,Sports,South,Credit Card,2026-04-06,2026-04-13,7,1482.84,8,1.27,251.35,11862.72,150.66,11963.41,55,2.2,No,Yes
100444,1007,126,Electronics,South,Debit Card,2026-06-03,2026-06-11,8,664.68,5,12.51,157.73,3323.4,415.76,3065.37,62,3.6,Yes,No
100445,1127,103,Sports,East,Net Banking,2026-09-04,2026-09-11,7,4348.31,8,29.23,249.12,34786.48,10168.09,24867.51,41,3.1,No,No
100446,1042,119,Electronics,South,Debit Card,2026-08-25,2026-08-28,3,1819.06,1,8.18,137.46,1819.06,148.8,1807.72,40,1.2,No,No
100447,1020,117,Clothing,South,UPI,2026-03-27,2026-04-02,6,4368.59,5,8.14,215.43,21842.95,1778.02,20280.36,41,1.4,No,No
100448,1004,105,Sports,East,Debit Card,2026-09-06,2026-09-13,7,1734.55,3,3.07,63.28,5203.65,159.75,5107.18,32,4.3,No,No
100449,1135,128,Sports,North,Cash,2026-08-24,2026-08-26,2,627.0,3,27.7,154.27,1881.0,521.04,1514.23,37,3.8,No,Yes
100450,1134,125,Grocery,South,Debit Card,2026-01-15,2026-01-17,2,1150.67,3,20.64,106.08,3452.01,712.49,2845.6,31,1.5,Yes,No
100451,1029,103,Electronics,West,Cash,2026-01-22,2026-01-26,4,583.7,9,17.8,151.34,5253.3,935.09,4469.55,34,1.2,No,Yes
100452,1025,126,Electronics,South,Net Banking,2026-04-13,2026-04-16,3,3369.47,1,2.72,256.84,3369.47,91.65,3534.66,35,4.8,No,Yes
100453,1129,125,Sports,South,Net Banking,2026-02-04,2026-02-06,2,4106.95,1,15.87,220.43,4106.95,651.77,3675.61,36,1.7,No,Yes
100454,1026,130,Clothing,West,Debit Card,2026-04-05,2026-04-13,8,3383.95,2,5.43,119.35,6767.9,367.5,6519.75,42,2.7,No,Yes
100455,1081,104,Home,North,Net Banking,2026-03-11,2026-03-19,8,3823.25,5,16.71,31.37,19116.25,3194.33,15953.29,38,3.0,No,Yes
100456,1080,122,Home,South,Net Banking,2026-07-28,2026-08-02,5,4925.56,7,5.66,39.49,34478.92,1951.51,32566.9,48,4.8,No,Yes
100457,1126,122,Electronics,West,Cash,2026-09-25,2026-09-27,2,640.13,7,12.02,185.36,4480.91,538.61,4127.66,24,4.0,No,Yes
100458,1094,107,Grocery,South,Net Banking,2026-07-26,2026-07-28,2,1202.7,7,21.76,97.99,8418.9,1831.95,6684.94,63,4.1,No,No
100459,1103,112,Home,West,Cash,2026-09-19,2026-09-24,5,779.5,8,3.24,90.19,6236.0,202.05,6124.14,49,1.9,No,Yes
100460,1014,127,Electronics,West,UPI,2026-04-02,2026-04-09,7,3042.69,6,4.58,194.15,18256.14,836.13,17614.16,24,4.0,No,Yes
100461,1127,126,Home,South,Debit Card,2026-09-12,2026-09-20,8,2548.73,9,10.31,260.71,22938.57,2364.97,20834.31,52,1.1,No,No
100462,1031,113,Home,East,Cash,2026-08-15,2026-08-23,8,228.11,3,16.7,260.9,684.33,114.28,830.95,37,4.5,No,Yes
100463,1080,123,Home,West,UPI,2026-09-09,2026-09-17,8,2405.76,3,15.2,129.59,7217.28,1097.03,6249.84,49,3.4,No,No
100464,1073,111,Electronics,North,Net Banking,2026-01-24,2026-01-27,3,4192.82,6,24.29,183.51,25156.92,6110.62,19229.81,58,2.4,No,Yes
100465,1092,114,Grocery,North,Credit Card,2026-05-07,2026-05-11,4,3258.01,10,2.55,212.64,32580.1,830.79,31961.95,37,1.5,No,Yes
100466,1010,115,Home,West,Debit Card,2026-01-11,2026-01-19,8,2960.55,6,11.33,129.28,17763.3,2012.58,15880.0,54,1.4,No,No
100467,1053,111,Home,East,Credit Card,2026-06-03,2026-06-09,6,4848.67,4,14.91,257.25,19394.68,2891.75,16760.18,22,4.4,No,Yes
100468,1013,110,Sports,West,Credit Card,2026-02-17,2026-02-19,2,2979.73,5,2.02,244.33,14898.65,300.95,14842.03,48,2.7,No,Yes
100469,1078,117,Grocery,West,Net Banking,2026-06-10,2026-06-14,4,2100.86,5,18.75,146.9,10504.3,1969.56,8681.64,53,1.7,Yes,No
100470,1048,119,Home,South,Cash,2026-05-18,2026-05-25,7,4676.45,1,15.67,122.0,4676.45,732.8,4065.65,27,2.0,No,No
100471,1112,114,Grocery,North,Credit Card,2026-07-31,2026-08-05,5,4127.37,3,7.69,188.35,12382.11,952.18,11618.28,43,2.0,No,Yes
100472,1080,115,Home,West,Cash,2026-01-19,2026-01-23,4,838.82,3,0.87,241.11,2516.46,21.89,2735.68,35,3.6,No,No
100473,1125,126,Electronics,North,UPI,2026-06-10,2026-06-15,5,4342.5,7,26.9,208.07,30397.5,8176.93,22428.64,23,2.6,No,No
100474,1061,104,Sports,North,Net Banking,2026-09-26,2026-10-01,5,2507.43,2,7.14,54.24,5014.86,358.06,4711.04,38,2.3,No,Yes
100475,1061,130,Home,South,Credit Card,2026-02-24,2026-02-27,3,1109.84,5,13.18,91.21,5549.2,731.38,4909.03,55,1.2,No,No
100476,1029,111,Sports,West,Cash,2026-05-07,2026-05-12,5,4403.2,3,10.89,220.39,13209.6,1438.53,11991.46,37,1.1,No,No
100477,1014,123,Clothing,East,Net Banking,2026-07-16,2026-07-21,5,3212.8,6,27.09,211.87,19276.8,5222.09,14266.58,52,4.5,No,Yes
100478,1101,130,Grocery,East,UPI,2026-05-01,2026-05-06,5,1091.41,3,27.48,196.78,3274.23,899.76,2571.25,59,2.6,Yes,No
100479,1126,116,Home,East,Cash,2026-02-21,2026-02-24,3,3507.49,9,1.99,137.84,31567.41,628.19,31077.06,64,4.3,No,Yes
100480,1008,125,Electronics,South,Cash,2026-03-11,2026-03-12,1,2033.28,5,9.41,43.02,10166.4,956.66,9252.76,28,2.0,No,No
100481,1034,128,Sports,West,Debit Card,2026-08-20,2026-08-28,8,4373.85,3,7.82,212.49,13121.55,1026.11,12307.93,38,4.2,No,Yes
100482,1047,113,Home,South,UPI,2026-01-12,2026-01-16,4,4538.88,8,5.95,216.35,36311.04,2160.51,34366.88,28,1.2,No,No
100483,1039,103,Grocery,South,Net Banking,2026-03-02,2026-03-03,1,3606.99,7,23.2,279.92,25248.93,5857.75,19671.1,61,3.0,No,Yes
100484,1069,110,Home,West,Credit Card,2026-08-09,2026-08-13,4,3020.41,5,21.8,73.02,15102.05,3292.25,11882.82,29,2.6,No,Yes
100485,1068,108,Sports,West,Credit Card,2026-07-09,2026-07-17,8,474.41,8,4.0,110.51,3795.28,151.81,3753.98,62,2.6,No,Yes
100486,1109,124,Sports,East,UPI,2026-02-18,2026-02-19,1,307.96,4,14.13,119.2,1231.84,174.06,1176.98,56,4.8,No,No
100487,1012,101,Grocery,West,Debit Card,2026-07-22,2026-07-28,6,704.58,9,1.23,70.22,6341.22,78.0,6333.44,28,3.0,No,No
100488,1034,103,Grocery,West,Credit Card,2026-05-14,2026-05-16,2,1600.68,3,14.98,292.54,4802.04,719.35,4375.23,35,4.0,No,Yes
100489,1068,120,Grocery,East,Cash,2026-03-26,2026-04-01,6,3697.5,8,22.91,62.35,29580.0,6776.78,22865.57,60,3.5,No,Yes
100490,1014,108,Clothing,North,Cash,2026-05-14,2026-05-17,3,3544.52,7,3.48,270.65,24811.64,863.45,24218.84,49,1.2,No,No
100491,1125,115,Home,North,Credit Card,2026-03-05,2026-03-11,6,513.21,5,5.42,67.12,2566.05,139.08,2494.09,50,4.3,No,No
100492,1055,119,Electronics,South,Cash,2026-02-09,2026-02-13,4,3852.85,2,26.62,27.27,7705.7,2051.26,5681.71,61,4.9,No,Yes
100493,1028,127,Grocery,South,UPI,2026-02-11,2026-02-19,8,4161.96,8,13.62,287.46,33295.68,4534.87,29048.27,56,3.6,No,Yes
100494,1116,111,Sports,South,Credit Card,2026-01-25,2026-01-30,5,1649.7,1,22.31,173.2,1649.7,368.05,1454.85,56,2.5,No,Yes
100495,1103,103,Electronics,South,Credit Card,2026-07-18,2026-07-25,7,1460.43,3,3.62,157.44,4381.29,158.6,4380.13,45,3.9,No,No
100496,1034,112,Electronics,East,Net Banking,2026-04-13,2026-04-21,8,2254.94,7,14.29,177.66,15784.58,2255.62,13706.62,45,1.4,No,Yes
100497,1048,114,Home,North,UPI,2026-09-20,2026-09-26,6,4867.7,4,19.43,219.82,19470.8,3783.18,15907.44,49,3.1,No,Yes
100498,1120,114,Electronics,West,Debit Card,2026-03-18,2026-03-21,3,3437.35,5,25.25,166.47,17186.75,4339.65,13013.57,36,3.3,No,No
100499,1132,104,Sports,West,Cash,2026-02-18,2026-02-26,8,3321.23,10,24.38,119.53,33212.3,8097.16,25234.67,55,1.3,No,Yes
100500,1119,106,Clothing,West,UPI,2026-02-12,2026-02-19,7,4389.94,5,9.42,222.75,21949.7,2067.66,20104.79,60,2.8,No,Yes
